<?xml version="1.0" encoding="UTF-8"?>
<project-private xmlns="http://www.netbeans.org/ns/project-private/1">
    <editor-bookmarks xmlns="http://www.netbeans.org/ns/editor-bookmarks/2" lastBookmarkId="0"/>
    <open-files xmlns="http://www.netbeans.org/ns/projectui-open-files/2">
        <group>
            <file>file:/Users/osniellopesteixeira/Documents/3%20Sem/LP%20II/ProjetoLPII/Projeto/src/Controlador.java</file>
            <file>file:/Users/osniellopesteixeira/Documents/3%20Sem/LP%20II/ProjetoLPII/Projeto/src/Tela.java</file>
            <file>file:/Users/osniellopesteixeira/Documents/3%20Sem/LP%20II/ProjetoLPII/Projeto/src/Local.java</file>
            <file>file:/Users/osniellopesteixeira/Documents/3%20Sem/LP%20II/ProjetoLPII/Projeto/src/Time.java</file>
            <file>file:/Users/osniellopesteixeira/Documents/3%20Sem/LP%20II/ProjetoLPII/Projeto/src/Partida.java</file>
            <file>file:/Users/osniellopesteixeira/Documents/3%20Sem/LP%20II/ProjetoLPII/Projeto/src/Rodada.java</file>
        </group>
    </open-files>
</project-private>
